0,1,-1,-1,-1,-1,-1,-1,-1
1,0.664322,1.6891,0.0994373,1.95232,1.95232,3.75147,1.63434,3.07129
2,0.591697,3.13011,0.254909,3.07983,3.07983,6.07424,2.73089,4.70057
3,0.546555,4.64119,0.514672,3.94482,3.94482,8.10228,3.82949,6.11841
4,0.528195,6.11912,0.811357,4.63426,4.63426,9.78336,4.63155,7.16312
5,0.512647,7.89962,1.23454,5.25836,5.25836,11.3606,5.40393,8.1101
6,0.507171,9.6278,1.53124,5.87496,5.87496,12.7031,6.04675,8.8659
7,0.495329,10.8991,1.80955,6.37085,6.37085,13.9482,6.67449,9.77359
8,0.483563,12.3781,2.31407,6.84022,6.84022,15.0398,7.26559,10.2732
9,0.499234,11.8586,1.92501,7.21323,7.21323,15.2888,6.93281,9.86517
10,0.491944,14.0734,2.46706,7.61645,7.61645,16.4397,7.63074,10.3664
